﻿<?xml version="1.0" encoding="utf-8"?>
<ManagementPack SchemaVersion="2.0" ContentReadable="true" xmlns:xsd="http://www.w3.org/2001/XMLSchema">
  <Manifest>
    <Identity>
      <ID>QND.NetDevGroup</ID>
      <Version>1.0.0.8</Version>
    </Identity>
    <Name>QND.NetDevGroup</Name>
    <References>
      <Reference Alias="System">
        <ID>System.Library</ID>
        <Version>7.5.8501.0</Version>
        <PublicKeyToken>31bf3856ad364e35</PublicKeyToken>
      </Reference>
      <Reference Alias="SNL">
        <ID>System.NetworkManagement.Library</ID>
        <Version>7.0.8560.0</Version>
        <PublicKeyToken>31bf3856ad364e35</PublicKeyToken>
      </Reference>
    </References>
  </Manifest>
  <TypeDefinitions>
    <EntityTypes>
      <ClassTypes>
        <ClassType ID="QND.NetDevGroup.Class" Accessibility="Internal" Base="System!System.Group" Abstract="true" Hosted="false" Singleton="false"></ClassType>
      </ClassTypes>
      <RelationshipTypes>
        <RelationshipType ID="QND.NetDevGroup.GroupContainsNode" Abstract="false" Accessibility="Internal" Base="System!System.Containment">
          <Source ID="Group" Type="QND.NetDevGroup.Class"></Source>
          <Target ID="Device" Type="SNL!System.NetworkManagement.Node" />
        </RelationshipType>
      </RelationshipTypes>
    </EntityTypes>
  </TypeDefinitions>
  <LanguagePacks>
    <LanguagePack ID="ENU" IsDefault="true">
      <DisplayStrings>
        <DisplayString ElementID="QND.NetDevGroup">
          <Name>QND - Network Node Groups definitions</Name>
          <Description>Base Management pack for nwtwork node groups</Description>
        </DisplayString>
        <DisplayString ElementID="QND.NetDevGroup.Class">
          <Name>QND - Base network node group</Name>
          <Description></Description>
        </DisplayString>
        <DisplayString ElementID="QND.NetDevGroup.GroupContainsNode">
          <Name>QND - Network Node Group contains network Node</Name>
          <Description></Description>
        </DisplayString>
      </DisplayStrings>
      <KnowledgeArticles></KnowledgeArticles>
    </LanguagePack>
  </LanguagePacks>
</ManagementPack>